{"cameraMode":{"drawMode":0,"name":"Shaded","section":"Shading Mode"},"sceneLighting":false,"audioPlay":false,"sceneViewState":{"showFog":true,"showMaterialUpdate":false,"showSkybox":false,"showFlares":true,"showImageEffects":true,"showParticleSystems":true},"in2DMode":false,"pivot":{"x":-10.106544494628907,"y":3.2799999713897707,"z":-18.471881866455079},"rotation":{"x":-0.38375213742256167,"y":0.1976284384727478,"z":-0.08443757146596909,"w":-0.8981014490127564},"size":2.8578836917877199,"orthographic":false}