{"cameraMode":{"drawMode":0,"name":"Shaded","section":"Shading Mode"},"sceneLighting":false,"audioPlay":false,"sceneViewState":{"showFog":true,"showMaterialUpdate":false,"showSkybox":false,"showFlares":true,"showImageEffects":true,"showParticleSystems":true},"in2DMode":false,"pivot":{"x":17.26827049255371,"y":3.2799997329711916,"z":-18.698219299316408},"rotation":{"x":-0.15301360189914704,"y":0.22523872554302216,"z":-0.03584278002381325,"w":-0.9615474939346314},"size":4.0416579246521,"orthographic":false}