{"cameraMode":{"drawMode":0,"name":"Shaded","section":"Shading Mode"},"sceneLighting":true,"audioPlay":false,"sceneViewState":{"showFog":true,"showMaterialUpdate":false,"showSkybox":true,"showFlares":true,"showImageEffects":true,"showParticleSystems":true},"in2DMode":false,"pivot":{"x":-18.726131439208986,"y":-2.090862274169922,"z":20.95412826538086},"rotation":{"x":-0.19951660931110383,"y":0.38914915919303896,"z":-0.08673935383558274,"w":-0.895116925239563},"size":53.96218490600586,"orthographic":false}