{"cameraMode":{"drawMode":0,"name":"Shaded","section":"Shading Mode"},"sceneLighting":false,"audioPlay":false,"sceneViewState":{"showFog":true,"showMaterialUpdate":false,"showSkybox":false,"showFlares":true,"showImageEffects":true,"showParticleSystems":true},"in2DMode":false,"pivot":{"x":-9.845279693603516,"y":3.559999942779541,"z":4.519999980926514},"rotation":{"x":-0.19951660931110383,"y":0.38914915919303896,"z":-0.08673935383558274,"w":-0.895116925239563},"size":4.0578837394714359,"orthographic":false}