{"cameraMode":{"drawMode":0,"name":"Shaded","section":"Shading Mode"},"sceneLighting":false,"audioPlay":false,"sceneViewState":{"showFog":true,"showMaterialUpdate":false,"showSkybox":false,"showFlares":true,"showImageEffects":true,"showParticleSystems":true},"in2DMode":false,"pivot":{"x":-10.848139762878418,"y":6.756526947021484,"z":6.641757011413574},"rotation":{"x":-0.15301360189914704,"y":0.22523872554302216,"z":-0.03584278002381325,"w":-0.9615474939346314},"size":5.241659164428711,"orthographic":false}